abru = Antoine Bru <Antoine.Bru@sophia.inria.fr>
afabri = Andreas Fabri <Andreas.Fabri@geometryfactory.com>
amebarki = Abdelkrim Mebarki <Abdelkrim.Mebarki@sophia.inria.fr>
ameyer = Andreas Meyer <Andreas.Meyer@sophia.inria.fr>
amitgupta = Amit Gupta <amitgupta@cse.iitb.ac.in>
analekta = Costas Tsirogiannis <analekta@gmail.com>
andyslj = Le-Jeng Shiue <Andy.Shiue@gmail.com>
asm = Pavel Emeliyanenko <asm@mpi-sb.mpg.de>
baesken = Matthias Baesken <Matthias.Baesken@mpi-sb.mpg.de>
baruchzu = Baruch Zukerman <baruchzu@post.tau.ac.il>
bgalehouse = Ben Galehouse <bgalehouse@spamcop.net>
cbonetto = Carine Bonetto <Carine.Bonetto@sophia.inria.fr>
cdelage = Christophe Delage <Christophe.Delage@sophia.inria.fr>
cvs2svn = CVS2SVN tool <cgal-develop@lists-sop.inria.fr>
cwormser = Camille Wormser <cwormser@inf.ethz.ch>
danha = Dan Halperin <danha@post.tau.ac.il>
dave = David Millman <David.Millman@sophia.inria.fr>
dboltcheva = Dobrina Boltcheva <Dobrina.Boltcheva@sophia.inria.fr>
dima = Dmitrii V Pasechnik <dima@ntu.edu.sg>
drussel = Daniel Russel <drussel@gmail.com>
efif = Efi Fogel <efif@post.tau.ac.il>
elip = Eli Packer <elip@post.tau.ac.il>
eric = Eric Berberich <eric@mpi-inf.mpg.de>
estere = Ester Ezra <estere@post.tau.ac.il>
eug = Eugene Lipovetsky <eug@post.tau.ac.il>
fcacciola = Fernando Cacciola <fernando.cacciola@geometryfactory.com>
fcazals = Frederic Cazals <Frederic.Cazals@sophia.inria.fr>
fischerk = Kaspar Fischer <fischerk@inf.ethz.ch>
frankda = Tran Kai Frank Da <Frank.Da@sophia.inria.fr>
fransw = Frans Wessendorp <fwessend@iiic.ethz.ch>
frebufat = Francois Rebufat <Francois.Rebufat@sophia.inria.fr>
gaertner = Bernd Gaertner <gaertner@inf.ethz.ch>
gankit = Ankit Gupta <ankitgupta00@gmail.com>
geert = Geert-Jan Giezeman <geert@cs.uu.nl>
ggael = Gael Guennebaud <gael.guennebaud@inria.fr>
glisse = Marc Glisse <Marc.Glisse@inria.fr>
golubevs = Shlomo Golubev <golubevs@post.tau.ac.il>
gorgymic = Michal Meyerovitch <gorgymic@post.tau.ac.il>
granados = Miguel Granados <granados@mpi-sb.mpg.de>
gtzoumas = Georgios Tzoumas <geotz@di.uoa.gr>
guyzucke = Guy Zucker <guyzucke@post.tau.ac.il>
habert = Luc Habert <Luc.Habert@normalesup.org>
hachenb = Peter Hachenberger <hachenberger@mpi-inf.mpg.de>
hanst = Hans Tangelder <hanst@cs.uu.nl>
haranidi = Idit Haran <haranidi@post.tau.ac.il>
helano = Vicente Batista <vicente.helano@gmail.com>
hemmer = Michael Hemmer <hemmer@mpi-inf.mpg.de>
herrmann = Thomas Herrmann <herrmann@ifor.math.ethz.ch>
hert = Susan Hert <hert@mpi-sb.mpg.de>
hervebronnimann = Herve Bronnimann <Herve.Bronnimann@sophia.inria.fr>
hoffmann = Michael Hoffmann <hoffmann@inf.ethz.ch>
isuslov = Ilya Suslov <Ilya.Suslov@sophia.inria.fr>
jflotott = Julia Floetotto <Julia.Flototto@sophia.inria.fr>
jhazebro = Julien Hazebrouck <Julien.Hazebrouck@sophia.inria.fr>
jlenorma = Jacques Le Normand <Jacques.Le.Normand@sophia.inria.fr>
kettner = Lutz Kettner <kettner@mpi-sb.mpg.de>
leiserow = Eran Leiserowitz <leiserow@post.tau.ac.il>
lrineau = Laurent Rineau <Laurent.Rineau@geometryfactory.com>
lsaboret = Laurent Saboret <Laurent.Saboret@sophia.inria.fr>
marc = Marc Scherfenberg <scherfen@inf.fu-berlin.de>
mcaroli = Manuel Caroli <Manuel.Caroli@sophia.inria.fr>
mconstan = Mihaela Constantinescu <Mihaela.Constantinescu@sophia.inria.fr>
mkaravel = Menelaos Karavelas <mkaravel@iacm.forth.gr>
mkerber = Michael Kerber <mkerber@mpi-inf.mpg.de>
mpouget = Marc Pouget <marc.pouget@loria.fr>
naamamay = Naama Mayer <naamamay@gmail.com>
nicokruithof = Nico Kruithof <Nico@cs.rug.nl>
nmeskini = Naceur Meskini <Naceur.Meskini@sophia.inria.fr>
nsalman = Nader Salman <Nader.Salman@sophia.inria.fr>
odevil = Olivier Devillers <Olivier.Devillers@sophia.inria.fr>
olivierrouiller = Olivier Rouiller <Olivier.Rouiller@sophia.inria.fr>
ophirset = Ophir Setter <ophirset@post.tau.ac.il>
osbild = Ralf Osbild <osbild@mpi-sb.mpg.de>
ovgrig = Ovidiu Grigore <ovgrig@yahoo.com>
palliez = Pierre Alliez <Pierre.Alliez@sophia.inria.fr>
penarand = Luis Peñaranda <penarand@loria.fr>
pmachado = Pedro Machado Manhaes de Castro <Pedro.Machado@sophia.inria.fr>
rahul = ??????????????????????????????????????????????????
rchaine = Raphaelle Chaine <raphaelle.chaine@liris.cnrs.fr>
reichel = Joachim Reichel <joachim.reichel@gmx.de>
rozapoga = Roza Pogalnikova <rozapoga@post.tau.ac.il>
rschindl = Ralf Schindlbeck <rschindl@mpi-inf.mpg.de>
rursu = Radu Ursu <Radu.Ursu@sophia.inria.fr>
sabath = Niv Sabath <sabath@post.tau.ac.il>
seel = Michael Seel <seel@mpi-sb.mpg.de>
shaihi = Shai Hirsch <shaihi@post.tau.ac.il>
shornus = Samuel Hornus <Samuel.Hornus@sophia.inria.fr>
singler = Johannes Singler <singler@ira.uka.de>
slimbach = Sebastian Limbach <slimbach@mpi-inf.mpg.de>
sloriot = Sebastien Loriot <Sebastien.Loriot@sophia.inria.fr>
soudot = Steve Oudot <Steve.Oudot@sophia.inria.fr>
spion = Sylvain Pion <Sylvain.Pion@sophia.inria.fr>
spostoll = Stephane Postollec <Stephane.Postollec@sophia.inria.fr>
stayeb = Stephane Tayeb <Stephane.Tayeb@sophia.inria.fr>
sven = Sven Schoenherr <sven@inf.ethz.ch>
talizvi = Tali Zvi <talizvi@post.tau.ac.il>
teillaud = Monique Teillaud <Monique.Teillaud@sophia.inria.fr>
trung = Trung Nguyen <ttnguyen@sophia.inria.fr>
wein = Ron Wein <wein@post.tau.ac.il>
wenzlaff = Patrick Wenzlaff <wenzlaff@mpi-inf.mpg.de>
ybrise = Yves Brise <ybrise@inf.ethz.ch>
yuchen = Yuanmi Chen <chenymi@gmail.com>
yvinec = Mariette Yvinec <Mariette.Yvinec@sophia.inria.fr>
